<?xml version="1.0" encoding="UTF-8"?>
<project-private xmlns="http://www.netbeans.org/ns/project-private/1">
    <editor-bookmarks xmlns="http://www.netbeans.org/ns/editor-bookmarks/2" lastBookmarkId="0"/>
    <open-files xmlns="http://www.netbeans.org/ns/projectui-open-files/2">
        <group>
            <file>file:/C:/Users/jano/Desktop/Comanda/src/java/cl/esucomex/comanda/servicios/BaseDeDatos.java</file>
            <file>file:/C:/Users/jano/Desktop/Comanda/src/java/cl/esucomex/comanda/servicios/ServicioProducto.java</file>
            <file>file:/C:/Users/jano/Desktop/Comanda/web/WEB-INF/web.xml</file>
            <file>file:/C:/Users/jano/Desktop/Comanda/src/java/cl/esucomex/comanda/servlets/CRUDTipoEdit.java</file>
            <file>file:/C:/Users/jano/Desktop/Comanda/setup/glassfish-resources.xml</file>
            <file>file:/C:/Users/jano/Desktop/Comanda/src/java/cl/esucomex/comanda/servlets/CRUDTipoEditSave.java</file>
            <file>file:/C:/Users/jano/Desktop/Comanda/src/java/cl/esucomex/comanda/entidades/Tipo.java</file>
            <file>file:/C:/Users/jano/Desktop/Comanda/src/java/cl/esucomex/comanda/servlets/IndiceServlet.java</file>
            <file>file:/C:/Users/jano/Desktop/Comanda/src/java/cl/esucomex/comanda/servicios/ServicioTipo.java</file>
            <file>file:/C:/Users/jano/Desktop/Comanda/src/java/cl/esucomex/comanda/entidades/Producto.java</file>
            <file>file:/C:/Users/jano/Desktop/Comanda/src/java/cl/esucomex/comanda/servlets/CRUDTipoDelete.java</file>
            <file>file:/C:/Users/jano/Desktop/Comanda/src/java/cl/esucomex/comanda/servlets/CRUDTipo.java</file>
        </group>
    </open-files>
</project-private>
